{
    "info": {
        "title": "Raw Data",
        "author": "EdgeImpulse Inc.",
        "description": "Use data without pre-processing. Useful if you want to use deep learning to learn features.",
        "name": "Raw data",
        "preferConvolution": true,
        "convolutionColumns": "axes",
        "convolutionKernelSize": 7,
        "cppType": "raw",
        "visualization": "dimensionalityReduction",
        "experimental": false,
        "latestImplementationVersion": 1,
        "hasInt16Version": false
    },
    "parameters": [
        {
            "group": "Scaling",
            "items": [
                {
                    "name": "Scale axes",
                    "value": 1,
                    "type": "float",
                    "help": "Multiplies axes by this number",
                    "param": "scale-axes"
                }
            ]
        }
    ]
}
