{
    "info": {
        "title": "Image",
        "author": "EdgeImpulse Inc.",
        "description": "Preprocess and normalize image data, and optionally reduce the color depth.",
        "name": "Image",
        "cppType": "image",
        "visualization": "dimensionalityReduction",
        "experimental": false,
        "preferConvolution": false,
        "latestImplementationVersion": 1,
        "hasInt16Version": false
    },
    "parameters": [
        {
            "group": "Image",
            "items": [
                {
                    "name": "Color depth",
                    "value": "RGB",
                    "help": "Color depth to use",
                    "type": "select",
                    "valid": [ "RGB", "Grayscale" ],
                    "param": "channels"
                }
            ]
        }
    ]
}
